Adina cordifolia,chhota-nagpur-dry-deciduous-forests
Albizia odoratissima,chhota-nagpur-dry-deciduous-forests
Alstonia scholaris,chhota-nagpur-dry-deciduous-forests
Anogeissus latifolia,chhota-nagpur-dry-deciduous-forests
Butea monosperma,chhota-nagpur-dry-deciduous-forests
Dalbergia sissoo,chhota-nagpur-dry-deciduous-forests
Diospyros melanoxylon,chhota-nagpur-dry-deciduous-forests
Diospyros montana,chhota-nagpur-dry-deciduous-forests
Ficus bengalensis,chhota-nagpur-dry-deciduous-forests
Ficus glaberrima,chhota-nagpur-dry-deciduous-forests
Ficus racemosa,chhota-nagpur-dry-deciduous-forests
Garuga pinnata,chhota-nagpur-dry-deciduous-forests
Glochidion lanceolarium,chhota-nagpur-dry-deciduous-forests
Grewia tiliaefolia,chhota-nagpur-dry-deciduous-forests
Lagerstroemia parviflora,chhota-nagpur-dry-deciduous-forests
Lannea coromandelica,chhota-nagpur-dry-deciduous-forests
Madhuca longifolia,chhota-nagpur-dry-deciduous-forests
Mallotus philippensis,chhota-nagpur-dry-deciduous-forests
Mangifera indica,chhota-nagpur-dry-deciduous-forests
Mitragyna parviflora,chhota-nagpur-dry-deciduous-forests
Ougeinia oojeinensis,chhota-nagpur-dry-deciduous-forests
Pterocarpus marsupium,chhota-nagpur-dry-deciduous-forests
Pterygota alata,chhota-nagpur-dry-deciduous-forests
Schleichera oleosa,chhota-nagpur-dry-deciduous-forests
Semecarpus anacardium,chhota-nagpur-dry-deciduous-forests
Shorea robusta,chhota-nagpur-dry-deciduous-forests
Soymida febrifuga,chhota-nagpur-dry-deciduous-forests
Terminalia tomentosa,chhota-nagpur-dry-deciduous-forests
Terminalia arjuna,chhota-nagpur-dry-deciduous-forests
Acacia catechu,Deccan Thorn Scrub Forests
Albizia amara,Deccan Thorn Scrub Forests
Anogeissus latifolia,Deccan Thorn Scrub Forests
Buchanania axillaris,Deccan Thorn Scrub Forests
Chloroxylon swietenia,Deccan Thorn Scrub Forests
Commiphora caudata,Deccan Thorn Scrub Forests
Dalbergia lanceolaria,Deccan Thorn Scrub Forests
Deccania pubescens,Deccan Thorn Scrub Forests
Diospyros ebenum,Deccan Thorn Scrub Forests
Diospyros melanoxylon,Deccan Thorn Scrub Forests
Dolichandrone atrovirens,Deccan Thorn Scrub Forests
Ficus amplissima,Deccan Thorn Scrub Forests
Ficus mollis,Deccan Thorn Scrub Forests
Gardenia gummifera,Deccan Thorn Scrub Forests
Givotia moluccana,Deccan Thorn Scrub Forests
Hardwickia binata,Deccan Thorn Scrub Forests
Limonia acidissima,Deccan Thorn Scrub Forests
Madhuca indica,Deccan Thorn Scrub Forests
Morinda pubescens,Deccan Thorn Scrub Forests
Phyllanthus emblica,Deccan Thorn Scrub Forests
Premna tomentosa,Deccan Thorn Scrub Forests
Pterocarpus marsupium,Deccan Thorn Scrub Forests
Sterculia urens,Deccan Thorn Scrub Forests
Strebulus asper,Deccan Thorn Scrub Forests
Syzygium alternifolium,Deccan Thorn Scrub Forests
Syzygium cumini,Deccan Thorn Scrub Forests
Terminalia alata,Deccan Thorn Scrub Forests
Terminalia catappa,Deccan Thorn Scrub Forests
Vitex altissima,Deccan Thorn Scrub Forests
Wrightia tinctoria,Deccan Thorn Scrub Forests
Ziziphus xylopyrus,Deccan Thorn Scrub Forests
Aglaia elaeagnoidea,East Deccan Dry Evergreen Forests
Atalantia monophylla,East Deccan Dry Evergreen Forests
Buchanania axillaris,East Deccan Dry Evergreen Forests
Celtis philippensis,East Deccan Dry Evergreen Forests
Chionanthus zeylanica,East Deccan Dry Evergreen Forests
Diospyros affinis,East Deccan Dry Evergreen Forests
Diospyros ebenum,East Deccan Dry Evergreen Forests
Drypetes sepiaria,East Deccan Dry Evergreen Forests
Ficus microcarpa,East Deccan Dry Evergreen Forests
Garcinia spicata,East Deccan Dry Evergreen Forests
Lepisanthes tetraphylla,East Deccan Dry Evergreen Forests
Manilkara hexandra,East Deccan Dry Evergreen Forests
Pamburus missionis,East Deccan Dry Evergreen Forests
Pleiospermium alatum,East Deccan Dry Evergreen Forests
Psydrax dicoccos,East Deccan Dry Evergreen Forests
Syzygium cumini,East Deccan Dry Evergreen Forests
Walsura trifoliolata,East Deccan Dry Evergreen Forests
Albizia amara,East Deccan Dry Evergreen Forests
Cassine glauca,East Deccan Dry Evergreen Forests
Dalbergia lanceolaria,East Deccan Dry Evergreen Forests
Diospyros chloroxylon,East Deccan Dry Evergreen Forests
Pterospermum suberifolium,East Deccan Dry Evergreen Forests
Pterospermum xylocarpum,East Deccan Dry Evergreen Forests
Streblus asper,East Deccan Dry Evergreen Forests
Strychnos nux-vomica,East Deccan Dry Evergreen Forests
Wrightia tinctoria,East Deccan Dry Evergreen Forests
Alangium salviifolium,East Deccan moist deciduous forests
Albizzia procera,East Deccan moist deciduous forests
Anogeissus latifolia,East Deccan moist deciduous forests
Anthocephalus cadamba,East Deccan moist deciduous forests
Artocarpus lacucha,East Deccan moist deciduous forests
Barringtonia acutangula,East Deccan moist deciduous forests
Boswellia serrata,East Deccan moist deciduous forests
Crateva religiosa,East Deccan moist deciduous forests
Croton oblongifolia,East Deccan moist deciduous forests
Dalbergia sisoo,East Deccan moist deciduous forests
Dillenia pentagyna,East Deccan moist deciduous forests
Diospyros malabarica,East Deccan moist deciduous forests
Ficus benghalensis,East Deccan moist deciduous forests
Ficus semicordata,East Deccan moist deciduous forests
Ficus tinctoria,East Deccan moist deciduous forests
Garuga pinnata,East Deccan moist deciduous forests
Gmelina arborea,East Deccan moist deciduous forests
Hymenodictyon excelsum,East Deccan moist deciduous forests
Melia dubia,East Deccan moist deciduous forests
Protium serratum,East Deccan moist deciduous forests
Schleichera oleosa,East Deccan moist deciduous forests
Schrebera swietenioides,East Deccan moist deciduous forests
Shorea robusta,East Deccan moist deciduous forests
Stereospermum chelonoides,East Deccan moist deciduous forests
Symplocos cochinchinensis,East Deccan moist deciduous forests
Syzygium cumini,East Deccan moist deciduous forests
Terminalia tomentosa,East Deccan moist deciduous forests
Toona ciliata,East Deccan moist deciduous forests
Trewia nudiflora,East Deccan moist deciduous forests
Vitex leucoxylon,East Deccan moist deciduous forests
Acanthus ilicifolius,Godavari-Krishna mangroves
Acrostichum aureum,Godavari-Krishna mangroves
Aegiceras corniculatum,Godavari-Krishna mangroves
Avicennia marina,Godavari-Krishna mangroves
Avicennia officinalis,Godavari-Krishna mangroves
Bruguiera cylindrica,Godavari-Krishna mangroves
Ceriops decandra,Godavari-Krishna mangroves
Ceriops tagal,Godavari-Krishna mangroves
Excoecaria agallocha,Godavari-Krishna mangroves
Heritiera littoralis,Godavari-Krishna mangroves
Lumnitzera racemosa,Godavari-Krishna mangroves
Rhizophora apiculata,Godavari-Krishna mangroves
Rhizophora mucronata,Godavari-Krishna mangroves
Sonneratia apetala,Godavari-Krishna mangroves
Xylocarpus granatum,Godavari-Krishna mangroves
Xylocarpus moluccensis,Godavari-Krishna mangroves
Aegialitis rotundifolia,Godavari-Krishna mangroves
Brownlowia tersa,Godavari-Krishna mangroves
Bruguiera gymnorrhiza,Godavari-Krishna mangroves
Kandelia candel,Godavari-Krishna mangroves
Scyphiphora hydrophylacea,Godavari-Krishna mangroves
Sonneratia alba,Godavari-Krishna mangroves
Naringi crenulata,Godavari-Krishna mangroves
Ochna obtusata,Godavari-Krishna mangroves
Phyllanthus polyphyllus,Godavari-Krishna mangroves
Pterolobium hexapetalum,Godavari-Krishna mangroves
Walsura trifoliata,Godavari-Krishna mangroves
Wendlandia tinctoria,Godavari-Krishna mangroves
Ziziphus mauritiana,Godavari-Krishna mangroves
Pemphis acidula,Godavari-Krishna mangroves
Rhizophora lamarckii,Godavari-Krishna mangroves
Rhizophora annamalayana,Godavari-Krishna mangroves
True mangroves,Indus River Delta-Arabian Sea Mangroves
Acanthus ilicifolius,Indus River Delta-Arabian Sea Mangroves
Aegiceras corniculatum,Indus River Delta-Arabian Sea Mangroves
Avicennia alba,Indus River Delta-Arabian Sea Mangroves
Avicennia marina,Indus River Delta-Arabian Sea Mangroves
Avicennia officinalis,Indus River Delta-Arabian Sea Mangroves
Bruguiera cylindrica,Indus River Delta-Arabian Sea Mangroves
Bruguiera gymnorrhiza,Indus River Delta-Arabian Sea Mangroves
Ceriops tagal,Indus River Delta-Arabian Sea Mangroves
Rhizophora apiculata,Indus River Delta-Arabian Sea Mangroves
Rhizophora mucronata,Indus River Delta-Arabian Sea Mangroves
Sonneratia apetala,Indus River Delta-Arabian Sea Mangroves
Aeluropus lagopoides,Indus River Delta-Arabian Sea Mangroves
Arthrocnemum indicum,Indus River Delta-Arabian Sea Mangroves
Caesalpinia crista,Indus River Delta-Arabian Sea Mangroves
Canavalia gladiata,Indus River Delta-Arabian Sea Mangroves
Cressa cretica,Indus River Delta-Arabian Sea Mangroves
Derris trifoliata,Indus River Delta-Arabian Sea Mangroves
Ipomoea biloba,Indus River Delta-Arabian Sea Mangroves
Porteresia coarctata,Indus River Delta-Arabian Sea Mangroves
Salicornia brachiata,Indus River Delta-Arabian Sea Mangroves
Salvadora persica,Indus River Delta-Arabian Sea Mangroves
Sesuvium portulacastrum,Indus River Delta-Arabian Sea Mangroves
Suaeda fruticosa,Indus River Delta-Arabian Sea Mangroves
Thespesia populnea,Indus River Delta-Arabian Sea Mangroves
Urochondra setulosa,Indus River Delta-Arabian Sea Mangroves
Volkameria inermis,Indus River Delta-Arabian Sea Mangroves
Acacia chundra,Khathiar-Gir Dry Deciduous Forests
Acacia nilotica,Khathiar-Gir Dry Deciduous Forests
Aegle marmelos,Khathiar-Gir Dry Deciduous Forests
Albizia lebbeck,Khathiar-Gir Dry Deciduous Forests
Anogeissus pendula,Khathiar-Gir Dry Deciduous Forests
Boswellia serrata,Khathiar-Gir Dry Deciduous Forests
Butea monosperma,Khathiar-Gir Dry Deciduous Forests
Crateva religiosa,Khathiar-Gir Dry Deciduous Forests
Dalbergia latifolia,Khathiar-Gir Dry Deciduous Forests
Diospyros melanoxylon,Khathiar-Gir Dry Deciduous Forests
Ehretia laevis,Khathiar-Gir Dry Deciduous Forests
Ficus glomerata,Khathiar-Gir Dry Deciduous Forests
Ficus racemosa,Khathiar-Gir Dry Deciduous Forests
Gmelina arborea,Khathiar-Gir Dry Deciduous Forests
Holoptelea integrifolia,Khathiar-Gir Dry Deciduous Forests
Kydia calycina,Khathiar-Gir Dry Deciduous Forests
Lannea coromandelica,Khathiar-Gir Dry Deciduous Forests
Mallotus philippensis,Khathiar-Gir Dry Deciduous Forests
Mangifera indica,Khathiar-Gir Dry Deciduous Forests
Miliusa tomentosa,Khathiar-Gir Dry Deciduous Forests
Mitragyna parvifolia,Khathiar-Gir Dry Deciduous Forests
Salvadora persica,Khathiar-Gir Dry Deciduous Forests
Protium serratum,Khathiar-Gir Dry Deciduous Forests
Sapindus emarginatus,Khathiar-Gir Dry Deciduous Forests
Schrebera swietenioides,Khathiar-Gir Dry Deciduous Forests
Soymida febrifuga,Khathiar-Gir Dry Deciduous Forests
Sterculia urens,Khathiar-Gir Dry Deciduous Forests
Syzygium cumini,Khathiar-Gir Dry Deciduous Forests
Tecomella undulata,Khathiar-Gir Dry Deciduous Forests
Terminalia crenulata,Khathiar-Gir Dry Deciduous Forests
Vitex negundo,Khathiar-Gir Dry Deciduous Forests
Wrightia tinctoria,Khathiar-Gir Dry Deciduous Forests
Ziziphus mauritiana,Khathiar-Gir Dry Deciduous Forests
Ziziphus xylopyros,Khathiar-Gir Dry Deciduous Forests
Acrocarpus fraxinifolius,Lower Gangetic Plains Moist Deciduous Forests
Aglaia lawii,Lower Gangetic Plains Moist Deciduous Forests
Aglaia spectabilis,Lower Gangetic Plains Moist Deciduous Forests
Ailanthus integrifolia,Lower Gangetic Plains Moist Deciduous Forests
Alangium chinense,Lower Gangetic Plains Moist Deciduous Forests
Albizia lebbeck,Lower Gangetic Plains Moist Deciduous Forests
Albizia procera,Lower Gangetic Plains Moist Deciduous Forests
Anthocephalus cadamba,Lower Gangetic Plains Moist Deciduous Forests
Aphanamixis polystachya,Lower Gangetic Plains Moist Deciduous Forests
Artocarpus chama,Lower Gangetic Plains Moist Deciduous Forests
Artocarpus lacucha,Lower Gangetic Plains Moist Deciduous Forests
Bombax ceiba,Lower Gangetic Plains Moist Deciduous Forests
Butea monosperma,Lower Gangetic Plains Moist Deciduous Forests
Casearia graveolens,Lower Gangetic Plains Moist Deciduous Forests
Celtis tetrandra,Lower Gangetic Plains Moist Deciduous Forests
Cephalanthus tetrandra,Lower Gangetic Plains Moist Deciduous Forests
Crateva religiosa,Lower Gangetic Plains Moist Deciduous Forests
Dalbergia sissoo,Lower Gangetic Plains Moist Deciduous Forests
Dillenia indica,Lower Gangetic Plains Moist Deciduous Forests
Duabanga grandiflora,Lower Gangetic Plains Moist Deciduous Forests
Dysoxylum gotadhora,Lower Gangetic Plains Moist Deciduous Forests
Elaeocarpus floribundus,Lower Gangetic Plains Moist Deciduous Forests
Elaeocarpus varunua,Lower Gangetic Plains Moist Deciduous Forests
Ficus benghalensis,Lower Gangetic Plains Moist Deciduous Forests
Ficus racemosa,Lower Gangetic Plains Moist Deciduous Forests
Garuga pinnata,Lower Gangetic Plains Moist Deciduous Forests
Gmelina arborea,Lower Gangetic Plains Moist Deciduous Forests
Grewia asiatica,Lower Gangetic Plains Moist Deciduous Forests
Lagerstroemia hypoleuca,Lower Gangetic Plains Moist Deciduous Forests
Lannea coromandelica,Lower Gangetic Plains Moist Deciduous Forests
Litsea glutinosa,Lower Gangetic Plains Moist Deciduous Forests
Litsea salicifolia,Lower Gangetic Plains Moist Deciduous Forests
Macaranga peltata,Lower Gangetic Plains Moist Deciduous Forests
Machilus glaucescens,Lower Gangetic Plains Moist Deciduous Forests
Magnolia pterocarpa,Lower Gangetic Plains Moist Deciduous Forests
Pterospermum acerifolium,Lower Gangetic Plains Moist Deciduous Forests
Pterygota alata,Lower Gangetic Plains Moist Deciduous Forests
Schima wallichii,Lower Gangetic Plains Moist Deciduous Forests
Shorea robusta,Lower Gangetic Plains Moist Deciduous Forests
Spondias pinnata,Lower Gangetic Plains Moist Deciduous Forests
Strychnos nux-vomica,Lower Gangetic Plains Moist Deciduous Forests
Syzygium formosum,Lower Gangetic Plains Moist Deciduous Forests
Terminalia arjuna,Lower Gangetic Plains Moist Deciduous Forests
Terminalia chebula,Lower Gangetic Plains Moist Deciduous Forests
Terminalia myriocarpa,Lower Gangetic Plains Moist Deciduous Forests
Tetrameles nudiflora,Lower Gangetic Plains Moist Deciduous Forests
Toona ciliata,Lower Gangetic Plains Moist Deciduous Forests
Actinodaphne malabaricum,Malabar Coast Moist Forests
Adina cordifolia,Malabar Coast Moist Forests
Anacolosa densiflora,Malabar Coast Moist Forests
Antidesma acidum,Malabar Coast Moist Forests
Aporosa lindleyana,Malabar Coast Moist Forests
Bauhinia malabarica,Malabar Coast Moist Forests
Bombax ceiba,Malabar Coast Moist Forests
Bridelia airy-shawii,Malabar Coast Moist Forests
Careya arborea,Malabar Coast Moist Forests
Casearia ovata,Malabar Coast Moist Forests
Diospyros candolleana,Malabar Coast Moist Forests
Diospyros oocarpa,Malabar Coast Moist Forests
Dipterocarpus indicus,Malabar Coast Moist Forests
Ficus amplissima,Malabar Coast Moist Forests
Ficus drupacea,Malabar Coast Moist Forests
Ficus racemosa,Malabar Coast Moist Forests
Ficus religiosa,Malabar Coast Moist Forests
Holigarna spp.,Malabar Coast Moist Forests
Hopea parviflora,Malabar Coast Moist Forests
humboldtia brunonis,Malabar Coast Moist Forests
Hydnocarpus laurifolia,Malabar Coast Moist Forests
Kingiodendron pinnatum,Malabar Coast Moist Forests
Lagerstroemia hirsuta,Malabar Coast Moist Forests
Macaranga peltata,Malabar Coast Moist Forests
Mangifera indica,Malabar Coast Moist Forests
Melia dubia,Malabar Coast Moist Forests
Meyna laxiflora,Malabar Coast Moist Forests
Miliusa tomentosa,Malabar Coast Moist Forests
Neolamarckia cadamba,Malabar Coast Moist Forests
Persea macrantha,Malabar Coast Moist Forests
Schleichera oleosa,Malabar Coast Moist Forests
Syzygium cumini,Malabar Coast Moist Forests
Terminalia bellirica,Malabar Coast Moist Forests
Terminalia arjuna,Malabar Coast Moist Forests
Tetrameles nudiflora,Malabar Coast Moist Forests
Xylia xylocarpa,Malabar Coast Moist Forests
Ailanthus excelsa,Narmada Valley Dry Deciduous Forests
Anogeissus latifolia,Narmada Valley Dry Deciduous Forests
Bauhinia vahlii,Narmada Valley Dry Deciduous Forests
Bombax ceiba,Narmada Valley Dry Deciduous Forests
Boswellia serrata,Narmada Valley Dry Deciduous Forests
Bridelia retusa,Narmada Valley Dry Deciduous Forests
Buchanania cochinchinensis,Narmada Valley Dry Deciduous Forests
Dendrocalamus strictus,Narmada Valley Dry Deciduous Forests
Diospyros melanoxylon,Narmada Valley Dry Deciduous Forests
Ficus benghalensis,Narmada Valley Dry Deciduous Forests
Ficus infectoria,Narmada Valley Dry Deciduous Forests
Holoptelea integrifolia,Narmada Valley Dry Deciduous Forests
Hymenodictyon orixense,Narmada Valley Dry Deciduous Forests
Kydia calycina,Narmada Valley Dry Deciduous Forests
Lagerstroemia parviflora,Narmada Valley Dry Deciduous Forests
Madhuca indica,Narmada Valley Dry Deciduous Forests
Miliusa tomentosa,Narmada Valley Dry Deciduous Forests
Mitragyna parvifolia,Narmada Valley Dry Deciduous Forests
Ougeinia oojeinensis,Narmada Valley Dry Deciduous Forests
Shorea robusta,Narmada Valley Dry Deciduous Forests
Soymida febrifuga,Narmada Valley Dry Deciduous Forests
Stereospermum chelonoides,Narmada Valley Dry Deciduous Forests
Terminalia bellirica,Narmada Valley Dry Deciduous Forests
Terminalia elliptica,Narmada Valley Dry Deciduous Forests
Wrightia tinctoria,Narmada Valley Dry Deciduous Forests
Adina cordifolia,North Deccan Dry Deciduous Forests
Aegle marmelos,North Deccan Dry Deciduous Forests
Albizia procera,North Deccan Dry Deciduous Forests
Anogeissus acuminata,North Deccan Dry Deciduous Forests
Anogeissus latifolia,North Deccan Dry Deciduous Forests
Bridelia retusa,North Deccan Dry Deciduous Forests
Careya arborea,North Deccan Dry Deciduous Forests
Cassine glauca,North Deccan Dry Deciduous Forests
Dalbergia latifolia,North Deccan Dry Deciduous Forests
Dalbergia paniculata,North Deccan Dry Deciduous Forests
Diospyros malabarica,North Deccan Dry Deciduous Forests
Diospyros melanoxylon,North Deccan Dry Deciduous Forests
Diospyros montana,North Deccan Dry Deciduous Forests
Garuga pinnata,North Deccan Dry Deciduous Forests
Kydia calycina,North Deccan Dry Deciduous Forests
Madhuca indica,North Deccan Dry Deciduous Forests
Mitragyna parvifolia,North Deccan Dry Deciduous Forests
Shorea robusta,North Deccan Dry Deciduous Forests
Soymida febrifuga,North Deccan Dry Deciduous Forests
Stereospermum suaveolens,North Deccan Dry Deciduous Forests
Syzygium cumini,North Deccan Dry Deciduous Forests
Terminalia arjuna,North Deccan Dry Deciduous Forests
Terminalia bellirica,North Deccan Dry Deciduous Forests
Terminalia chebula,North Deccan Dry Deciduous Forests
Terminalia tomentosa,North Deccan Dry Deciduous Forests
Trema orientalis,North Deccan Dry Deciduous Forests
Anogeissus latifolia,North Western Ghats Moist Deciduous Forests
Bauhinia malabarica,North Western Ghats Moist Deciduous Forests
Bombax ceiba,North Western Ghats Moist Deciduous Forests
Careya arborea,North Western Ghats Moist Deciduous Forests
Dalbergia latifolia,North Western Ghats Moist Deciduous Forests
Dillenia pentagyna,North Western Ghats Moist Deciduous Forests
Diospyros montana,North Western Ghats Moist Deciduous Forests
Ficus amplissima,North Western Ghats Moist Deciduous Forests
Ficus drupacea,North Western Ghats Moist Deciduous Forests
Ficus religiosa,North Western Ghats Moist Deciduous Forests
Haldina cordifolia,North Western Ghats Moist Deciduous Forests
Holoptelea integrifolia,North Western Ghats Moist Deciduous Forests
Lagerstroemia hirsuta,North Western Ghats Moist Deciduous Forests
Lagerstroemia microcarpa,North Western Ghats Moist Deciduous Forests
Macaranga peltata,North Western Ghats Moist Deciduous Forests
Mallotus philippinensis,North Western Ghats Moist Deciduous Forests
Mangifera indica,North Western Ghats Moist Deciduous Forests
Melia dubia,North Western Ghats Moist Deciduous Forests
Meyna laxiflora,North Western Ghats Moist Deciduous Forests
Miliusa tomentosa,North Western Ghats Moist Deciduous Forests
Mitragyna parvifolia,North Western Ghats Moist Deciduous Forests
Neolamarckia cadamba,North Western Ghats Moist Deciduous Forests
Pterocarpus marsupium,North Western Ghats Moist Deciduous Forests
Radermachera xylocarpa,North Western Ghats Moist Deciduous Forests
Schleichera oleosa,North Western Ghats Moist Deciduous Forests
Spondias pinnata,North Western Ghats Moist Deciduous Forests
Strychnos nux-vomica,North Western Ghats Moist Deciduous Forests
Syzygium cumini,North Western Ghats Moist Deciduous Forests
Tabernaemontana alternifolia,North Western Ghats Moist Deciduous Forests
Terminalia cuneata,North Western Ghats Moist Deciduous Forests
Terminalia elliptica,North Western Ghats Moist Deciduous Forests
Terminalia paniculata,North Western Ghats Moist Deciduous Forests
Tetrameles nudiflora,North Western Ghats Moist Deciduous Forests
Xylia xylocarpa,North Western Ghats Moist Deciduous Forests
Actinodaphne angustifolia,North Western Ghats Montane Rainforests
Aglaia elaeagnoidea,North Western Ghats Montane Rainforests
Alseodaphne semecarpifolia,North Western Ghats Montane Rainforests
Artocarpus hirsutus,North Western Ghats Montane Rainforests
Canthium dicoccum,North Western Ghats Montane Rainforests
Caryota urens,North Western Ghats Montane Rainforests
Cinnamomum verum,North Western Ghats Montane Rainforests
Cleistanthus malabaricus,North Western Ghats Montane Rainforests
Dimocarpus longan,North Western Ghats Montane Rainforests
Diospyros nigrescens,North Western Ghats Montane Rainforests
Diospyros paniculata,North Western Ghats Montane Rainforests
Drypetes venusta,North Western Ghats Montane Rainforests
Holigarna arnottiana,North Western Ghats Montane Rainforests
Holigarna grahamii,North Western Ghats Montane Rainforests
Hopea parviflora,North Western Ghats Montane Rainforests
Hopea ponga,North Western Ghats Montane Rainforests
Humboldtia brunonis,North Western Ghats Montane Rainforests
Knema attenuata,North Western Ghats Montane Rainforests
Lagerstroemia microcarpa,North Western Ghats Montane Rainforests
Macaranga peltata,North Western Ghats Montane Rainforests
Myristica malabarica,North Western Ghats Montane Rainforests
Nothopegia beddomei,North Western Ghats Montane Rainforests
Nothopegia castaneifolia,North Western Ghats Montane Rainforests
Olea dioica,North Western Ghats Montane Rainforests
Palaquium ellipticum,North Western Ghats Montane Rainforests
Persea macrantha,North Western Ghats Montane Rainforests
Poeciloneuron indicum,North Western Ghats Montane Rainforests
Polyalthia fragrans,North Western Ghats Montane Rainforests
Strombosia ceylanica,North Western Ghats Montane Rainforests
Syzygium laetum,North Western Ghats Montane Rainforests
Terminalia paniculata,North Western Ghats Montane Rainforests
Vateria indica,North Western Ghats Montane Rainforests
Xantolis tomentosa,North Western Ghats Montane Rainforests
Alangium salvifolium,Orissa Semi-evergreen Forests
Albizia lebbeck,Orissa Semi-evergreen Forests
Albizia marginata,Orissa Semi-evergreen Forests
Alstonia scholaris,Orissa Semi-evergreen Forests
Anogeissus latifolia,Orissa Semi-evergreen Forests
Artocarpus heterophyllus,Orissa Semi-evergreen Forests
Careya arborea,Orissa Semi-evergreen Forests
Cassia fistula,Orissa Semi-evergreen Forests
Diospyros ebenum,Orissa Semi-evergreen Forests
Diospyros malabarica,Orissa Semi-evergreen Forests
Diospyros melanoxylon,Orissa Semi-evergreen Forests
Diospyros montana,Orissa Semi-evergreen Forests
Ficus benghalensis,Orissa Semi-evergreen Forests
Ficus racemosa,Orissa Semi-evergreen Forests
Grewia tiliifolia,Orissa Semi-evergreen Forests
Haldinia cordifolia,Orissa Semi-evergreen Forests
Lannea coromandelica,Orissa Semi-evergreen Forests
Madhuca indica,Orissa Semi-evergreen Forests
Mallotus philippensis,Orissa Semi-evergreen Forests
Manilkara hexandra,Orissa Semi-evergreen Forests
Michelia champaca,Orissa Semi-evergreen Forests
Morinda tinctoria,Orissa Semi-evergreen Forests
Naringi crenulata,Orissa Semi-evergreen Forests
Protium serratum,Orissa Semi-evergreen Forests
Pterocarpus santalinus,Orissa Semi-evergreen Forests
Schleichera oleosa,Orissa Semi-evergreen Forests
Shorea robusta,Orissa Semi-evergreen Forests
Streblus asper,Orissa Semi-evergreen Forests
Strychnos nux-vomica,Orissa Semi-evergreen Forests
Syzygium cumini,Orissa Semi-evergreen Forests
Terminalia alata,Orissa Semi-evergreen Forests
Terminalia arjuna,Orissa Semi-evergreen Forests
Xantolis tomentosa,Orissa Semi-evergreen Forests
Albizia amara,South Deccan Plateau Dry Deciduous Forests
Anogeissus latifolia,South Deccan Plateau Dry Deciduous Forests
Butea monosperma,South Deccan Plateau Dry Deciduous Forests
Chloroxylon swietenia,South Deccan Plateau Dry Deciduous Forests
Dalbergia latifolia,South Deccan Plateau Dry Deciduous Forests
Deccania pubescens,South Deccan Plateau Dry Deciduous Forests
Diospyros chloroxylon,South Deccan Plateau Dry Deciduous Forests
Diospyros montana,South Deccan Plateau Dry Deciduous Forests
Ficus benghalensis,South Deccan Plateau Dry Deciduous Forests
Ficus glomerata,South Deccan Plateau Dry Deciduous Forests
Ficus mollis,South Deccan Plateau Dry Deciduous Forests
Hildegardia populifolia,South Deccan Plateau Dry Deciduous Forests
Lagerstroemia parviflora,South Deccan Plateau Dry Deciduous Forests
Madhuca longifolia,South Deccan Plateau Dry Deciduous Forests
Mallotus philippensis,South Deccan Plateau Dry Deciduous Forests
Mitragyna parviflora,South Deccan Plateau Dry Deciduous Forests
Phyllanthus emblica,South Deccan Plateau Dry Deciduous Forests
Polyalthia coffeoides,South Deccan Plateau Dry Deciduous Forests
Pongamia pinnata,South Deccan Plateau Dry Deciduous Forests
Premna latifolia,South Deccan Plateau Dry Deciduous Forests
Pterocarpus marsupium,South Deccan Plateau Dry Deciduous Forests
Pterospermum suberifolium,South Deccan Plateau Dry Deciduous Forests
Stereospurmum personatum,South Deccan Plateau Dry Deciduous Forests
Syzygium cumini,South Deccan Plateau Dry Deciduous Forests
Terminalia arjuna,South Deccan Plateau Dry Deciduous Forests
Terminalia bellerica,South Deccan Plateau Dry Deciduous Forests
Terminalia tomentosa,South Deccan Plateau Dry Deciduous Forests
Vitex altissima,South Deccan Plateau Dry Deciduous Forests
Ziziphus xylopyrus,South Deccan Plateau Dry Deciduous Forests
Aporosa lindleyana,South Western Ghats Moist Deciduous Forests
Actinodaphne malabaricum,South Western Ghats Moist Deciduous Forests
Adina cordifolia,South Western Ghats Moist Deciduous Forests
Albizia odoratissima,South Western Ghats Moist Deciduous Forests
Anogeissus latifolia,South Western Ghats Moist Deciduous Forests
Antidesma acidum,South Western Ghats Moist Deciduous Forests
Bischofia javanica,South Western Ghats Moist Deciduous Forests
Bombax ceiba,South Western Ghats Moist Deciduous Forests
Bridelia airy-shawii,South Western Ghats Moist Deciduous Forests
Casearia ovata,South Western Ghats Moist Deciduous Forests
Cassine glauca,South Western Ghats Moist Deciduous Forests
Diospyros sylvatica,South Western Ghats Moist Deciduous Forests
Ficus amplissima,South Western Ghats Moist Deciduous Forests
Ficus drupacea,South Western Ghats Moist Deciduous Forests
Ficus racemosa,South Western Ghats Moist Deciduous Forests
Grewia tiliifolia,South Western Ghats Moist Deciduous Forests
Hopea parviflora,South Western Ghats Moist Deciduous Forests
Hydnocarpus laurifolia,South Western Ghats Moist Deciduous Forests
Lagerstroemia microcarpa,South Western Ghats Moist Deciduous Forests
Lannea coromandelica,South Western Ghats Moist Deciduous Forests
Mallotus tetracoccus,South Western Ghats Moist Deciduous Forests
Polyalthia wightii,South Western Ghats Moist Deciduous Forests
Pterocarpus marsupium,South Western Ghats Moist Deciduous Forests
Schleichera oleosa,South Western Ghats Moist Deciduous Forests
Semecarpus anacardium,South Western Ghats Moist Deciduous Forests
Sterculia villosa,South Western Ghats Moist Deciduous Forests
Syzygium gardneri,South Western Ghats Moist Deciduous Forests
Terminalia bellirica,South Western Ghats Moist Deciduous Forests
Terminalia crenulata,South Western Ghats Moist Deciduous Forests
Terminalia elliptica,South Western Ghats Moist Deciduous Forests
Terminalia paniculata,South Western Ghats Moist Deciduous Forests
Tetrameles nudiflora,South Western Ghats Moist Deciduous Forests
Viburnum acuminatum,South Western Ghats Moist Deciduous Forests
Xylia xylocarpa,South Western Ghats Moist Deciduous Forests
Artocarpus hirsutus,South Western Ghats Montane Rainforests
Calophyllum polyanthum,South Western Ghats Montane Rainforests
Canthium dicoccum,South Western Ghats Montane Rainforests
Cassine glauca,South Western Ghats Montane Rainforests
Cleidion spiciflorum,South Western Ghats Montane Rainforests
Diospyros bourdilloni,South Western Ghats Montane Rainforests
Diospyros ghatensis,South Western Ghats Montane Rainforests
Dipterocarpus bourdilloni,South Western Ghats Montane Rainforests
Dipterocarpus indicus,South Western Ghats Montane Rainforests
Elaeocarpus serratus,South Western Ghats Montane Rainforests
Euodia lunu-ankenda,South Western Ghats Montane Rainforests
Fahrenheitia zeylanica,South Western Ghats Montane Rainforests
Ficus amplissima,South Western Ghats Montane Rainforests
Ficus drupacea,South Western Ghats Montane Rainforests
Ficus microcarpa,South Western Ghats Montane Rainforests
Ficus tsjahela,South Western Ghats Montane Rainforests
Garcinia gummi-gutta,South Western Ghats Montane Rainforests
Gluta travancorica*,South Western Ghats Montane Rainforests
Harpullia arborea,South Western Ghats Montane Rainforests
Hopea parviflora,South Western Ghats Montane Rainforests
Kingiodendron pinnatum,South Western Ghats Montane Rainforests
Knema attenuata,South Western Ghats Montane Rainforests
Margaritaria indica,South Western Ghats Montane Rainforests
Nothopegia beddomei,South Western Ghats Montane Rainforests
Phoebe paniculata,South Western Ghats Montane Rainforests
Schefflera wallichiana,South Western Ghats Montane Rainforests
Vateria indica,South Western Ghats Montane Rainforests
Xanthophyllum flavescens,South Western Ghats Montane Rainforests
Aglaia elaeagnoidea,South Western Ghats Montane Rainforests
Alseodaphne semecarpifolia,South Western Ghats Montane Rainforests
Artocarpus heterophyllus,South Western Ghats Montane Rainforests
Bombax ceiba,South Western Ghats Montane Rainforests
Calophyllum austroindicum,South Western Ghats Montane Rainforests
Calophyllum polyanthum,South Western Ghats Montane Rainforests
Canarium strictum,South Western Ghats Montane Rainforests
Cinnamomum malabathrum,South Western Ghats Montane Rainforests
Cullenia exarillata,South Western Ghats Montane Rainforests
Diospyros malabarica,South Western Ghats Montane Rainforests
Dysoxylum malabaricum,South Western Ghats Montane Rainforests
Elaeocarpus munronii,South Western Ghats Montane Rainforests
Ficus exasperata,South Western Ghats Montane Rainforests
Ficus microcarpa,South Western Ghats Montane Rainforests
Ficus nervosa,South Western Ghats Montane Rainforests
Ficus simplicifolia,South Western Ghats Montane Rainforests
Ficus tinctoria,South Western Ghats Montane Rainforests
Heritiera papilio,South Western Ghats Montane Rainforests
Holigarna nigra,South Western Ghats Montane Rainforests
Hydnocarpus alpina,South Western Ghats Montane Rainforests
Mesua ferrea,South Western Ghats Montane Rainforests
Myristica dactyloides,South Western Ghats Montane Rainforests
Neolitsea zeylanica,South Western Ghats Montane Rainforests
Ormosia travancorica,South Western Ghats Montane Rainforests
Palaquium ellipticum,South Western Ghats Montane Rainforests
Persea macrantha,South Western Ghats Montane Rainforests
Syzygium densiflorum,South Western Ghats Montane Rainforests
Syzygium gardneri,South Western Ghats Montane Rainforests
Turpinia malabarica,South Western Ghats Montane Rainforests
Aglaia elaeagnoidea,South Western Ghats Montane Rainforests
Alseodaphne semecarpifolia,South Western Ghats Montane Rainforests
Artocarpus heterophyllus,South Western Ghats Montane Rainforests
Bombax ceiba,South Western Ghats Montane Rainforests
Calophyllum austroindicum,South Western Ghats Montane Rainforests
Calophyllum polyanthum,South Western Ghats Montane Rainforests
Canarium strictum,South Western Ghats Montane Rainforests
Cinnamomum malabathrum,South Western Ghats Montane Rainforests
Cullenia exarillata,South Western Ghats Montane Rainforests
Diospyros malabarica,South Western Ghats Montane Rainforests
Dysoxylum malabaricum,South Western Ghats Montane Rainforests
Elaeocarpus munronii,South Western Ghats Montane Rainforests
Ficus exasperata,South Western Ghats Montane Rainforests
Ficus microcarpa,South Western Ghats Montane Rainforests
Ficus nervosa,South Western Ghats Montane Rainforests
Ficus simplicifolia,South Western Ghats Montane Rainforests
Ficus tinctoria,South Western Ghats Montane Rainforests
Heritiera papilio,South Western Ghats Montane Rainforests
Holigarna nigra,South Western Ghats Montane Rainforests
Hydnocarpus alpina,South Western Ghats Montane Rainforests
Mesua ferrea,South Western Ghats Montane Rainforests
Myristica dactyloides,South Western Ghats Montane Rainforests
Neolitsea zeylanica,South Western Ghats Montane Rainforests
Ormosia travancorica,South Western Ghats Montane Rainforests
Palaquium ellipticum,South Western Ghats Montane Rainforests
Persea macrantha,South Western Ghats Montane Rainforests
Syzygium densiflorum,South Western Ghats Montane Rainforests
Syzygium gardneri,South Western Ghats Montane Rainforests
Turpinia malabarica,South Western Ghats Montane Rainforests
